,dataset_1,dataset_2,dataset_3
dataset_1,1.0,0.01281036048908628,0.013977845819159446
dataset_2,0.01281036048908628,1.0,0.04337930324277397
dataset_3,0.013977845819159446,0.04337930324277397,1.0
