,dataset_1,dataset_3
dataset_1,1.0,0.013977845819159446
dataset_3,0.013977845819159446,1.0
