,dataset_1,dataset_2,dataset_3
dataset_1,1.0,0.01343431047534391,0.013977845819159446
dataset_2,0.01343431047534391,1.0,0.042953254434919125
dataset_3,0.013977845819159446,0.042953254434919125,1.0
